-- phpMyAdmin SQL Dump
-- version 5.2.1
-- https://www.phpmyadmin.net/
--
-- Servidor: 127.0.0.1
-- Tiempo de generación: 18-10-2023 a las 02:24:24
-- Versión del servidor: 10.4.28-MariaDB
-- Versión de PHP: 8.2.4

SET SQL_MODE = "NO_AUTO_VALUE_ON_ZERO";
START TRANSACTION;
SET time_zone = "+00:00";


/*!40101 SET @OLD_CHARACTER_SET_CLIENT=@@CHARACTER_SET_CLIENT */;
/*!40101 SET @OLD_CHARACTER_SET_RESULTS=@@CHARACTER_SET_RESULTS */;
/*!40101 SET @OLD_COLLATION_CONNECTION=@@COLLATION_CONNECTION */;
/*!40101 SET NAMES utf8mb4 */;

--
-- Base de datos: `liquidadora_stros`
--

-- --------------------------------------------------------

--
-- Estructura de tabla para la tabla `cias`
--

CREATE TABLE `cias` (
  `id_Cia` int(20) NOT NULL,
  `nombre_cia` varchar(30) NOT NULL,
  `direccion_cia` varchar(40) NOT NULL,
  `contacto` int(30) NOT NULL,
  `email` varchar(40) NOT NULL
) ENGINE=InnoDB DEFAULT CHARSET=utf8mb4 COLLATE=utf8mb4_general_ci;

--
-- Volcado de datos para la tabla `cias`
--

INSERT INTO `cias` (`id_Cia`, `nombre_cia`, `direccion_cia`, `contacto`, `email`) VALUES
(1, 'Holando', 'Belgrano 999', 154778877, 'holando@cia.com'),
(2, 'Zurich', 'Estrada 50', 1548877555, 'zurich@cia.com'),
(3, 'El Loco', 'Locura 666', 15995115, 'elloco@cia.com');

-- --------------------------------------------------------

--
-- Estructura de tabla para la tabla `inspectores`
--

CREATE TABLE `inspectores` (
  `id_inspector` int(20) NOT NULL,
  `nombre` varchar(30) NOT NULL,
  `apellido` varchar(30) NOT NULL,
  `contacto` int(30) NOT NULL,
  `email` varchar(40) NOT NULL,
  `localidad` varchar(30) NOT NULL
) ENGINE=InnoDB DEFAULT CHARSET=utf8mb4 COLLATE=utf8mb4_general_ci;

--
-- Volcado de datos para la tabla `inspectores`
--

INSERT INTO `inspectores` (`id_inspector`, `nombre`, `apellido`, `contacto`, `email`, `localidad`) VALUES
(1, 'Pedro', 'Grando', 154445544, 'pedro@insp.com', 'Tandil'),
(4, 'Bueno', 'Denoche', 558855, 'buenoD@insp.com', 'Azul'),
(5, 'Malo', 'Dedia', 5544, 'maloD@insp.com', 'Bahia Blanco');

-- --------------------------------------------------------

--
-- Estructura de tabla para la tabla `liquidadores`
--

CREATE TABLE `liquidadores` (
  `id_liquidador` int(20) NOT NULL,
  `nombre` varchar(30) NOT NULL,
  `apellido` varchar(30) NOT NULL,
  `contacto` int(20) NOT NULL,
  `email` varchar(40) NOT NULL
) ENGINE=InnoDB DEFAULT CHARSET=utf8mb4 COLLATE=utf8mb4_general_ci;

--
-- Volcado de datos para la tabla `liquidadores`
--

INSERT INTO `liquidadores` (`id_liquidador`, `nombre`, `apellido`, `contacto`, `email`) VALUES
(0, 'Nestor', 'Salvi', 15421321, 'nestor@liqui.com'),
(1, 'Franco', 'Procopio', 154345738, 'francoP@liqui.com'),
(2, 'Juan', 'Perez', 112255, 'juanperez@liqui.com'),
(3, 'Laura', 'Ara', 154885522, 'lauraA@liqui.com');

-- --------------------------------------------------------

--
-- Estructura de tabla para la tabla `siniestros`
--

CREATE TABLE `siniestros` (
  `id_Stro` int(8) NOT NULL,
  `id_Cia` int(8) NOT NULL,
  `tipo_Stro` varchar(30) NOT NULL,
  `nombre_Asegurado` varchar(30) NOT NULL,
  `apellido_Asegurado` varchar(30) NOT NULL,
  `fecha_Stro` date NOT NULL,
  `direccion_Aseg` varchar(40) NOT NULL,
  `localidad` varchar(30) NOT NULL,
  `contacto_Asegurado` int(20) NOT NULL,
  `id_liquidador` int(20) NOT NULL,
  `id_inspector` int(20) NOT NULL
) ENGINE=InnoDB DEFAULT CHARSET=utf8mb4 COLLATE=utf8mb4_general_ci;

--
-- Volcado de datos para la tabla `siniestros`
--

INSERT INTO `siniestros` (`id_Stro`, `id_Cia`, `tipo_Stro`, `nombre_Asegurado`, `apellido_Asegurado`, `fecha_Stro`, `direccion_Aseg`, `localidad`, `contacto_Asegurado`, `id_liquidador`, `id_inspector`) VALUES
(1, 1, 'Incendio', 'Hector', 'Garcia', '2023-10-01', 'Iraola 135', 'Tandil', 154669988, 1, 1),
(2, 1, 'Robo', 'Santiago', 'Lopez', '2023-10-02', 'Iraola 135', 'Tandil', 114777, 3, 1),
(3, 2, 'Vendaval', 'Karlitos', 'Conk', '2023-09-03', 'Lejos 555', 'Azul', 14741, 1, 4),
(4, 3, 'Incendio', 'Olaf', 'Fariza', '2023-10-15', 'Porahi 58', 'Bahia Blanca', 44788, 3, 5);

-- --------------------------------------------------------

--
-- Estructura de tabla para la tabla `usuarios`
--

CREATE TABLE `usuarios` (
  `id_usuario` int(11) NOT NULL,
  `email` varchar(50) NOT NULL,
  `password` varchar(255) NOT NULL
) ENGINE=InnoDB DEFAULT CHARSET=utf8mb4 COLLATE=utf8mb4_general_ci;

--
-- Volcado de datos para la tabla `usuarios`
--

INSERT INTO `usuarios` (`id_usuario`, `email`, `password`) VALUES
(1, 'webadmin', '$2y$10$e9OwoSC95p4C18OYukkb9e8ojfEJd/sC0dMH7yVr20diiDrc9GHpq');

--
-- Índices para tablas volcadas
--

--
-- Indices de la tabla `cias`
--
ALTER TABLE `cias`
  ADD PRIMARY KEY (`id_Cia`);

--
-- Indices de la tabla `inspectores`
--
ALTER TABLE `inspectores`
  ADD PRIMARY KEY (`id_inspector`);

--
-- Indices de la tabla `liquidadores`
--
ALTER TABLE `liquidadores`
  ADD PRIMARY KEY (`id_liquidador`);

--
-- Indices de la tabla `siniestros`
--
ALTER TABLE `siniestros`
  ADD PRIMARY KEY (`id_Stro`),
  ADD KEY `fk_id_liquidador` (`id_liquidador`),
  ADD KEY `fk_id_inspector` (`id_inspector`),
  ADD KEY `fk_id_cia` (`id_Cia`);

--
-- Indices de la tabla `usuarios`
--
ALTER TABLE `usuarios`
  ADD PRIMARY KEY (`id_usuario`);

--
-- AUTO_INCREMENT de las tablas volcadas
--

--
-- AUTO_INCREMENT de la tabla `siniestros`
--
ALTER TABLE `siniestros`
  MODIFY `id_Stro` int(8) NOT NULL AUTO_INCREMENT, AUTO_INCREMENT=5;

--
-- AUTO_INCREMENT de la tabla `usuarios`
--
ALTER TABLE `usuarios`
  MODIFY `id_usuario` int(11) NOT NULL AUTO_INCREMENT, AUTO_INCREMENT=2;

--
-- Restricciones para tablas volcadas
--

--
-- Filtros para la tabla `siniestros`
--
ALTER TABLE `siniestros`
  ADD CONSTRAINT `fk_id_cia` FOREIGN KEY (`id_Cia`) REFERENCES `cias` (`id_Cia`),
  ADD CONSTRAINT `fk_id_inspector` FOREIGN KEY (`id_inspector`) REFERENCES `inspectores` (`id_inspector`),
  ADD CONSTRAINT `fk_id_liquidador` FOREIGN KEY (`id_liquidador`) REFERENCES `liquidadores` (`id_liquidador`);
COMMIT;

/*!40101 SET CHARACTER_SET_CLIENT=@OLD_CHARACTER_SET_CLIENT */;
/*!40101 SET CHARACTER_SET_RESULTS=@OLD_CHARACTER_SET_RESULTS */;
/*!40101 SET COLLATION_CONNECTION=@OLD_COLLATION_CONNECTION */;
